BrandName,products,reliably_low,mean_discount,mean_shrunk_rating,reliably_low_share
109F,27,0,2.2233,4.0215,0.0
20Dresses,175,0,0.6866,4.254,0.0
7Threads,211,1,70.9765,3.8635,0.0047
98 Degree North,33,0,7.5789,4.1601,0.0
9teenAGAIN,62,1,65.1948,3.9265,0.0161
AARA,106,1,0.0,3.9678,0.0094
AASI - HOUSE OF NAYO,55,0,18.3396,4.0174,0.0
ABELINO,131,3,69.2465,3.9146,0.0229
ADA,74,0,0.0,4.1448,0.0
ADBUCKS,23,0,2.3204,4.1123,0.0
ADIDAS,570,6,26.7914,4.2161,0.0105
ADIDAS Originals,143,0,19.4594,4.2127,0.0
ADORENITE,78,0,54.2929,4.2298,0.0
AGIL ATHLETICA,27,0,41.4934,3.951,0.0
AHIKA,210,1,52.8215,4.0321,0.0048
AKIMIA,37,1,17.9851,4.1004,0.027
AKKRITI BY PANTALOONS,137,0,9.2059,4.1792,0.0
AMERICAN EAGLE OUTFITTERS,195,0,22.5969,4.1478,0.0
ANAISA,23,0,41.9663,3.9613,0.0
AND,347,1,2.2351,4.2226,0.0029
ANI,49,0,0.0,4.081,0.0
ANVI Be Yourself,107,0,0.8135,4.0255,0.0
ARDEUR,40,0,54.832,3.9044,0.0
ARISE,88,0,36.8476,4.0854,0.0
ARMISTO,70,0,32.1173,3.9677,0.0
ASICS,79,0,7.9783,4.1947,0.0
ATHLISIS,32,0,38.9711,4.0724,0.0
AURELIA,383,1,25.2127,4.1123,0.0026
AUSTIVO,24,0,63.9445,4.1035,0.0
AV2,94,0,56.9234,4.2044,0.0
Aawari,146,1,0.3086,4.0282,0.0068
Aayna,43,1,25.8912,3.9529,0.0233
Aditi Wasan,34,0,0.0,4.0169,0.0
Adobe,26,0,68.1434,4.0096,0.0
Aeropostale,273,2,33.0396,4.1353,0.0073
Ahalyaa,251,3,54.4266,3.9666,0.012
Ajile by Pantaloons,574,0,13.476,4.1786,0.0
Akshatani,59,0,52.5862,4.0315,0.0
Alcis,710,1,44.6876,4.0969,0.0014
Alena,36,0,46.4403,3.9866,0.0
Allen Cooper,48,0,54.6101,4.043,0.0
Allen Solly,618,1,29.8542,4.2026,0.0016
Allen Solly Sport,152,0,29.6887,4.1471,0.0
Allen Solly Tribe,84,0,24.5411,4.2198,0.0
Allen Solly Woman,316,1,1.0452,4.1901,0.0032
Almo Wear,33,0,15.1839,4.1637,0.0
Amante,716,1,1.6378,4.2783,0.0014
American Bull,30,0,58.152,4.0063,0.0
American Crew,68,0,38.4858,4.0591,0.0
American-Elm,28,0,34.5096,3.7809,0.0
Amrutam Fab,50,0,66.7169,4.0707,0.0
Amydus,72,0,11.4351,4.2076,0.0
Annabelle by Pantaloons,108,0,0.0,4.1588,0.0
Anoma,20,0,37.8683,4.0003,0.0
Anouk,2015,11,55.2407,4.0447,0.0055
Antheaa,172,0,0.0,4.1686,0.0
Anubhutee,179,1,62.602,4.0115,0.0056
Aprique FAB,47,0,53.8758,4.135,0.0
Arrow,339,1,36.6541,4.1908,0.0029
Arrow New York,47,0,37.7415,4.2099,0.0
Arrow Sport,222,0,32.9036,4.139,0.0
Artengo By Decathlon,29,0,8.2917,4.1867,0.0
Ashnaina,20,0,6.1059,3.9472,0.0
Athena,555,15,3.153,3.9883,0.027
Aujjessa,24,0,12.3384,3.9846,0.0
Austin wood,70,2,53.9496,3.9631,0.0286
Ayaany,46,0,11.7481,4.0815,0.0
Azira,21,0,34.7814,4.044,0.0
BASIICS by La Intimo,74,0,15.3639,3.982,0.0
BEAT LONDON by PEPE JEANS,235,0,44.8378,4.0727,0.0
BODYCARE INSIDER,42,0,3.0967,4.2864,0.0
BRACHY,39,0,53.7341,4.0523,0.0
BRATMA,31,0,17.9211,3.9375,0.0
BRINNS,26,0,3.1563,4.0113,0.0
BROADSTAR,64,0,1.0941,4.0781,0.0
BROOWL,34,0,6.4155,4.135,0.0
BULLMER,59,0,49.5651,4.0383,0.0
BYFORD by Pantaloons,305,0,19.3786,4.1574,0.0
Balenzia,126,0,23.1379,4.2188,0.0
Bannos Swagger,116,1,50.6758,3.9868,0.0086
Basics,29,0,43.1245,4.0051,0.0
Be Indi,27,0,23.7536,4.0111,0.0
Beau Design,40,2,47.5321,3.8214,0.05
Being Human,270,0,48.2533,4.2035,0.0
Belle Fille,403,29,0.0,3.7926,0.072
Bene Kleed,96,0,53.2313,4.1443,0.0
Benstoke,143,5,65.4342,3.8019,0.035
Berrylush,564,0,0.5127,4.2152,0.0
Besiva,101,0,4.4969,4.0028,0.0
Bewakoof,460,0,20.1875,4.2111,0.0
Bhama Couture,334,5,52.3044,3.9491,0.015
BharatSthali,42,0,60.2007,4.041,0.0
Biba,498,1,36.9011,4.1329,0.002
Bishop Cotton,21,0,41.6894,4.0417,0.0
Bitterlime,142,0,11.5156,4.0502,0.0
Bitz,99,0,36.1028,4.0994,0.0
Black Panther,39,0,37.9832,4.0048,0.0
Black coffee,30,0,48.0078,4.0695,0.0
Blackberrys,673,1,34.6511,4.1789,0.0015
Blinkin,56,0,60.506,4.2663,0.0
Blissta,22,0,60.9204,4.0323,0.0
Bodycare,342,2,0.0,4.0384,0.0058
Bonjour,60,0,2.5549,4.2646,0.0
Bossini,101,0,7.629,4.1602,0.0
Boston Club,114,3,41.7393,4.0025,0.0263
Breakbounce,162,1,42.2289,4.1433,0.0062
Bushirt,207,1,61.2418,4.1083,0.0048
C9 AIRWEAR,386,4,18.6362,4.1405,0.0104
CAVALLO by Linen Club,41,0,35.1474,4.064,0.0
CHILL WINSTON,25,0,33.8362,4.083,0.0
CINOCCI,38,0,53.7581,3.9671,0.0
CODE by Lifestyle,171,0,3.4524,4.2059,0.0
COTTON ON,34,0,5.8845,4.0083,0.0
COVER STORY,98,0,0.0,4.1182,0.0
CREEZ,25,0,0.0,4.1034,0.0
CUKOO,59,0,42.8524,3.9973,0.0
Calvin Klein Jeans,235,0,16.9384,4.1548,0.0
Calvin Klein Underwear,180,0,10.7555,4.3702,0.0
Camey,42,0,26.4072,3.9787,0.0
Campus Sutra,973,9,34.0948,4.0123,0.0092
Canary London,26,0,60.0235,4.062,0.0
Candour London,37,0,17.0662,4.1257,0.0
Candyskin,201,0,51.1913,4.0875,0.0
Cantabil,36,0,50.3021,4.1025,0.0
Carlton London,134,0,0.0,4.1146,0.0
Cation,251,1,3.1686,3.9479,0.004
Cayman,267,1,8.411,4.1775,0.0037
Celio,164,0,40.5634,4.107,0.0
Charukriti,34,0,13.561,3.9384,0.0
Chemistry,936,2,16.3822,4.1544,0.0021
Chennis,34,0,58.3509,3.9223,0.0
Cherokee,235,1,8.9227,3.9884,0.0043
Chhabra 555,96,1,49.8971,3.9039,0.0104
Chitwan Mohan,21,0,33.8273,3.9144,0.0
Chkokko,575,3,66.1833,4.0749,0.0052
Classic Polo,45,0,3.7874,4.1603,0.0
Claura,204,1,43.9732,4.1261,0.0049
Clora Creation,422,0,31.3128,4.1142,0.0
Clovia,1614,19,55.6683,4.0568,0.0118
Club York,105,0,45.0722,4.0564,0.0
Color Cocktail,31,3,0.0,3.8796,0.0968
ColorPlus,69,0,57.0521,4.0559,0.0
Colour Me by Melange,23,0,6.0913,4.068,0.0
Colt,85,1,25.613,3.9999,0.0118
Cosmo Lady,50,0,65.6609,3.9416,0.0
Cottinfab,259,1,14.2789,4.0216,0.0039
Coucou by Zivame,96,0,50.7497,4.1585,0.0
Crimsoune Club,94,0,14.2672,4.1525,0.0
Crocodile,49,0,13.6805,4.1169,0.0
Cross Court,47,0,54.1919,4.1242,0.0
Cultsport,137,0,52.4201,4.2958,0.0
Curare,30,0,56.6351,4.1289,0.0
Curvy Love,47,0,38.1383,3.8893,0.0
DAMENSCH,396,0,2.337,4.2838,0.0
DEEBACO,54,0,3.2975,4.0935,0.0
DENNISON,169,2,64.6424,3.9748,0.0118
DEYANN,716,5,62.707,3.9258,0.007
DEYANN PLUS,40,0,55.1351,3.8634,0.0
DILLINGER,417,0,11.4661,4.2423,0.0
DIVA WALK EXCLUSIVE,44,0,1.7504,3.9943,0.0
DIVASTRI,50,0,64.3122,4.1669,0.0
DIVYANK,47,0,67.5748,4.0698,0.0
DIXCY SCOTT,71,1,12.5884,4.1291,0.0141
DIXCY SCOTT MAXIMUS,69,0,2.5874,4.1706,0.0
DODO & MOA,250,22,1.3206,3.6976,0.088
DOLCE CRUDO,146,0,0.0,4.0712,0.0
DOOR74,57,1,23.3517,3.8983,0.0175
DOROTHY PERKINS,47,0,0.0,4.1787,0.0
DRAAX Fashions,38,0,0.0,4.019,0.0
DRAPE IN VOGUE,58,0,44.871,4.0686,0.0
Da Intimo,267,11,42.3199,3.9012,0.0412
Darzi,77,0,0.0,3.9645,0.0
De Moza,177,0,5.7533,4.1759,0.0
DeFacto,300,2,7.0889,4.0175,0.0067
Deewa,93,0,12.6952,4.0083,0.0
Dennis Lingo,37,0,64.4215,4.1813,0.0
Desi Weavess,55,0,25.8842,3.9588,0.0
Difference of Opinion,168,0,25.513,4.188,0.0
Divena,196,0,43.6125,4.2817,0.0
Dollar,124,0,25.9118,4.0996,0.0
Dollar Bigboss,392,1,19.7697,4.0347,0.0026
Dollar Missy,285,0,10.5182,4.2336,0.0
Dollar Ultra,29,0,26.0823,4.2114,0.0
Domyos By Decathlon,112,0,6.0599,4.2423,0.0
Dreamz by Pantaloons,424,0,18.9559,4.2783,0.0
DressBerry,4006,7,21.6099,4.1638,0.0017
Ducati,106,0,63.7491,4.2448,0.0
Duke,246,0,27.0523,4.1385,0.0
Dupatta Bazaar,397,1,38.6103,4.1513,0.0025
Dynamocks,134,0,48.9046,4.2559,0.0
ELEVANTO,46,0,49.4086,4.0419,0.0
EROTISSCH,117,0,38.7932,4.0971,0.0
ETC,846,2,64.4018,4.1686,0.0024
EXTRA LOVE BY LIBAS,206,0,50.8265,4.3428,0.0
Eavan,51,0,0.8633,4.0898,0.0
Ecentric,22,0,29.4906,4.0171,0.0
Ed Hardy,100,0,48.8187,4.1292,0.0
Emmyrobe,44,0,0.0,4.0899,0.0
Enamor,642,0,5.3166,4.2772,0.0
Enchanted Drapes,35,0,21.0571,3.9538,0.0
English Navy,48,0,38.5791,4.041,0.0
Ennoble,27,0,24.1943,4.1617,0.0
Enviously Young,73,0,17.9558,4.1078,0.0
Espresso,48,0,18.9623,4.3137,0.0
Ethnic Junction,42,0,65.2419,4.0132,0.0
Ethnic basket,111,1,65.9725,3.8654,0.009
Ethnicity,45,0,14.9428,4.0918,0.0
Ethnix by Raymond,33,0,58.9408,4.1127,0.0
EthnoVogue,73,0,23.2787,4.0515,0.0
Excalibur,36,0,27.5585,3.9167,0.0
FABNEST,62,0,15.3571,4.0168,0.0
FABRIC FITOOR,62,0,55.9215,4.1296,0.0
FASHION DEPTH,33,0,61.7568,4.1903,0.0
FASHOR,85,0,35.8159,4.1301,0.0
FCUK,71,0,4.302,4.1268,0.0
FCUK Underwear,37,1,3.5168,4.0742,0.027
FEMEA,60,0,14.3224,4.1471,0.0
FEVER,45,0,45.0159,4.0035,0.0
FIDO DIDO,26,0,60.1091,4.0126,0.0
FORCLAZ By Decathlon,55,0,2.3648,4.2312,0.0
FOREVER 21,652,3,8.3908,4.0938,0.0046
FOSH,27,0,0.0,4.1145,0.0
FREAKINS,35,0,1.9884,4.0462,0.0
FREECULTR,66,0,24.2393,4.2113,0.0
FUAARK,48,0,47.7765,4.1398,0.0
FUGAZEE,54,0,41.321,4.0358,0.0
FabAlley,369,2,3.0081,4.1237,0.0054
FabAlley Curve,51,0,45.275,4.0875,0.0
Fabindia,151,0,4.539,4.2125,0.0
FableStreet,344,1,0.0,4.1352,0.0029
Fabriko,40,0,51.4517,3.9976,0.0
Fame Forever by Lifestyle,113,0,6.7794,4.1295,0.0
FashionRack,117,0,32.125,4.0538,0.0
Femella,72,0,0.0,4.1564,0.0
Fitkin,81,0,40.7619,4.2301,0.0
Flambeur,72,1,57.634,3.9454,0.0139
Florence,78,5,75.8968,3.7676,0.0641
Floret,479,3,8.1554,4.113,0.0063
Flying Machine,1906,1,36.9675,4.1008,0.0005
Forca,20,0,36.5254,4.0356,0.0
Force NXT,222,0,33.2656,4.0108,0.0
Foreign Culture By Fort Collins,44,0,6.8218,4.2829,0.0
Forever New,46,0,0.0,4.1552,0.0
Fort Collins,116,0,13.4555,4.1687,0.0
Free Authority,166,1,28.4013,4.0943,0.006
Freehand,49,0,63.2754,4.1478,0.0
French Connection,150,0,42.7209,4.1575,0.0
Friskers,457,1,27.3645,4.0464,0.0022
Fruit of the loom,174,0,0.0,4.0553,0.0
FurryFlair,21,0,2.6204,4.1677,0.0
GALYPSO,31,0,43.3891,4.1141,0.0
GANT,94,0,40.5369,4.1302,0.0
GERUA,119,0,44.0608,4.1564,0.0
GESPO,27,0,51.346,4.0908,0.0
GOLDSTROMS,156,0,20.3751,4.0991,0.0
GRACIT,169,1,36.1476,4.0694,0.0059
GRIFFEL,49,0,38.7454,4.0861,0.0
GRITSTONES,96,0,49.8656,3.9673,0.0
GROVERSONS Paris Beauty,20,0,23.7818,4.172,0.0
GULMOHAR JAIPUR,47,0,48.5266,4.0489,0.0
Gallus,24,0,61.5916,3.8464,0.0
Geroo Jaipur,42,1,35.8404,3.8816,0.0238
Get Glamr,34,4,40.6005,3.9481,0.1176
Ginger by Lifestyle,380,0,3.6359,4.1791,0.0
Ginni Arora Label,20,0,39.2633,4.1686,0.0
Global Desi,203,0,24.322,4.1985,0.0
Globus,249,3,10.0708,4.0555,0.012
Go Colors,183,0,0.0,4.2825,0.0
Grancy,38,2,41.8657,3.8031,0.0526
H&M,1410,2,0.3052,4.2269,0.0014
HARBORNBAY,33,0,57.33,4.1124,0.0
HERE&NOW,5230,30,63.0066,4.0657,0.0057
HIGHLANDER,2189,15,57.1412,4.0165,0.0069
HIGHLIGHT FASHION EXPORT,37,0,51.2523,4.0239,0.0
HK colours of fashion,32,0,39.2095,4.2357,0.0
HOUSE OF KKARMA,101,0,10.5689,4.083,0.0
HPS Sports,21,0,50.5218,4.0824,0.0
HRX by Hrithik Roshan,4355,8,49.3733,4.1522,0.0018
Hancock,396,0,40.1252,4.074,0.0
Hangup,478,29,67.1695,3.8183,0.0607
Harpa,585,4,0.0,4.0327,0.0068
Harvard,990,8,30.7073,4.0681,0.0081
Heelium,30,0,29.2155,4.2953,0.0
High Star,413,3,15.8686,4.1195,0.0073
Honey by Pantaloons,334,0,0.0,4.1769,0.0
House of Pataudi,475,0,40.3242,4.1497,0.0
Hubberholme,427,4,45.1452,3.991,0.0094
Huetrap,564,0,47.2252,4.0763,0.0
Hypernation,268,0,18.3813,4.1499,0.0
I Know,32,0,75.9604,3.9983,0.0
I like me,128,0,42.1042,4.3775,0.0
IC4,47,0,0.0,3.9294,0.0
IMARA,534,9,39.6251,3.9728,0.0169
INDYA,159,0,16.0377,4.1579,0.0
INVICTUS,502,3,57.4763,4.0581,0.006
ISU,20,0,0.0,4.1648,0.0
IVOC,270,2,51.3284,4.0625,0.0074
Idalia,48,0,40.1798,4.1197,0.0
Imfashini,53,0,2.5102,4.0293,0.0
InWeave,127,0,39.7686,4.0253,0.0
Inddus,410,0,51.6457,4.0725,0.0
Indian Terrain,372,0,43.8782,4.1822,0.0
Indian Virasat,58,0,42.4818,4.1645,0.0
Indibelle,72,0,24.7751,4.0678,0.0
Indietoga,126,0,69.9109,4.1228,0.0
Indo Era,624,4,61.1035,4.0409,0.0064
Inner Sense,172,1,8.8822,4.106,0.0058
Innocence,186,0,62.0044,4.0301,0.0
Instafab Plus,27,0,46.9459,3.9512,0.0
Invictus Indoor,58,0,54.7614,4.1355,0.0
Invincible,54,0,14.1827,4.1877,0.0
Ira Soleil,65,2,28.7351,3.9143,0.0308
Ishin,312,10,52.7097,4.0332,0.0321
Iti,91,0,0.0,4.0461,0.0
Ives,40,0,14.2835,4.0359,0.0
JADE BLUE,23,0,33.0652,4.0022,0.0
JAINISH,387,1,57.2586,3.9375,0.0026
JATRIQQ,27,0,72.8229,4.1602,0.0
JC Collection,79,1,0.0,3.9717,0.0127
JC Mode,41,0,0.0,3.9731,0.0
JUMP USA,164,0,31.2031,4.0656,0.0
JUNEBERRY,45,0,2.5224,4.2358,0.0
Jack & Jones,1011,4,38.4275,4.1565,0.004
Jaipur Kurti,513,2,57.9026,4.1202,0.0039
Janasya,313,0,43.5942,4.0856,0.0
Jockey,1599,0,0.2073,4.3446,0.0
John Pride,124,0,20.2983,4.1889,0.0
Jompers,710,0,55.0099,4.0823,0.0
Joven,96,0,61.6699,4.0274,0.0
Juelle,41,0,0.0,4.1812,0.0
Juniper,238,0,37.6665,4.1304,0.0
Just Wow,126,2,1.1905,4.0073,0.0159
Justice League,31,1,34.0876,4.161,0.0323
KALINI,946,27,70.3562,3.9215,0.0285
KASSUALLY,703,4,0.0,4.1117,0.0057
KETCH,264,6,63.4532,3.8783,0.0227
KHADIO,41,2,67.7261,3.8589,0.0488
KISAH,383,1,53.1461,3.9901,0.0026
KISAH PLUS,39,0,46.8047,4.003,0.0
KLOTTHE,135,0,43.925,4.0077,0.0
KOI SLEEPWEAR,48,0,39.9139,4.2519,0.0
KOMLI,72,2,31.6932,3.8959,0.0278
KRAFT INDIA,87,0,61.8341,4.0864,0.0
KSUT,81,3,58.6574,3.9339,0.037
Kalenji By Decathlon,42,0,3.9096,4.0973,0.0
Kalista,37,0,49.1534,3.939,0.0
Kalt,227,0,20.053,4.1502,0.0
Kalyani,28,0,20.0227,4.1351,0.0
Kanvin,284,0,34.6731,4.207,0.0
Kappa,192,0,18.8707,4.1601,0.0
Karigari,55,0,24.5349,4.0859,0.0
Karmic Vision,75,1,0.7335,3.9446,0.0133
Kazo,263,1,0.0,4.0842,0.0038
Khushal K,78,0,67.9661,4.0876,0.0
Klamotten,116,0,37.2393,4.004,0.0
Kook N Keech,573,5,32.3072,4.101,0.0087
Kook N Keech Batman,30,0,53.3822,4.1221,0.0
Kook N Keech Disney,148,1,15.1127,4.2094,0.0068
Kook N Keech Emoji,31,0,24.8568,4.1795,0.0
Kook N Keech Marvel,193,3,45.7844,4.1327,0.0155
Koton,29,1,2.5876,3.9644,0.0345
Kotty,87,2,14.0904,3.9738,0.023
Kraus Jeans,114,0,0.0,4.1916,0.0
Kryptic,266,1,36.5706,4.1648,0.0038
Kuons Avenue,35,0,45.4492,4.1106,0.0
Kvsfab,100,0,49.3096,4.0701,0.0
LA LOFT,30,0,0.0,4.0061,0.0
LADUSAA,22,0,81.8832,4.1422,0.0
LAMAAYA,29,0,58.967,3.8971,0.0
LE BOURGEOIS,63,0,33.9228,4.1013,0.0
LOCOMOTIVE,388,3,62.7668,4.0032,0.0077
LOOKNBOOK ART,27,0,39.9324,4.1535,0.0
LY2,23,0,0.0,4.072,0.0
LYKKEIN,24,1,0.0,3.9438,0.0417
La Intimo,27,0,34.645,4.1024,0.0
La Zoire,140,0,0.0,4.1076,0.0
Laabha,86,0,18.0197,4.0231,0.0
Laado - Pamper Yourself,34,0,60.9904,4.1053,0.0
Laceandme,102,0,37.2519,3.951,0.0
Lady Love,69,0,43.5207,4.0951,0.0
Lady Lyka,262,0,21.9824,4.0403,0.0
Lakshita,40,0,10.7528,4.1114,0.0
Latin Quarters,113,0,0.0,4.1752,0.0
Leading Lady,236,1,46.5398,4.0496,0.0042
Leather Retail,72,0,19.2409,4.0158,0.0
Lebami,183,4,38.7652,3.9151,0.0219
Lee,176,0,44.2489,4.0798,0.0
Lenissa,29,0,53.2197,4.1556,0.0
Levis,1406,1,14.0734,4.2337,0.0007
Libas,441,1,37.9503,4.141,0.0023
Llak Jeans,72,1,57.768,3.9863,0.0139
Louis Philippe,580,2,24.9247,4.2012,0.0034
Louis Philippe ATHPLAY,27,0,16.6791,4.2179,0.0
Louis Philippe Jeans,399,1,29.239,4.1868,0.0025
Louis Philippe Sport,417,0,29.4037,4.1894,0.0
Luni,39,0,31.1158,4.0551,0.0
M&H Easy,68,0,17.8844,4.166,0.0
M&H Our Water,105,0,19.9685,4.1723,0.0
M7 by Metronaut,53,0,67.3734,4.2216,0.0
MABISH by Sonal Jain,174,3,22.4491,4.0637,0.0172
MADAME M SECRET,22,0,30.4746,4.2447,0.0
MADSTO,30,0,76.4312,3.987,0.0
MAG,28,0,73.7812,4.1033,0.0
MAGRE,60,1,0.0,4.1058,0.0167
MAKCLAN,28,0,51.4564,3.9784,0.0
MAMMA PRESTO,55,0,37.9255,4.0321,0.0
MANGO,1980,4,0.6854,4.1546,0.002
MANGO MAN,64,0,24.5385,4.0854,0.0
MANQ,129,0,45.092,4.1392,0.0
MARC,20,0,30.0368,4.0924,0.0
MARC LOUIS,43,0,8.0701,3.9548,0.0
MASCLN SASSAFRAS,51,0,58.8676,4.1266,0.0
MASH UNLIMITED,33,1,55.2572,3.9921,0.0303
MAXENCE,40,0,71.9684,3.8814,0.0
MBE,115,1,59.7011,4.0006,0.0087
MBeautiful,80,0,45.946,4.2704,0.0
MELON,23,0,65.2446,4.1902,0.0
MELOSO,67,2,0.0,3.8913,0.0299
MIMOSA,319,0,55.8103,4.1325,0.0
MIRCHI FASHION,61,0,63.141,4.0178,0.0
MISH,231,2,0.0,4.0809,0.0087
MKH,20,0,78.0308,4.0824,0.0
MOMIN LIBAS,21,0,55.0122,4.0826,0.0
Maaesa,64,0,30.465,4.1433,0.0
Madame,142,1,0.1057,4.1078,0.007
ManQ CASUAL,71,0,45.3883,4.1139,0.0
Maniac,194,4,59.1962,3.9837,0.0206
Manthan,38,0,0.0,4.2172,0.0
Manu,22,0,61.3793,3.9688,0.0
Manyavar,246,0,0.0,4.1369,0.0
Marc Loire,21,0,2.239,4.0959,0.0
Marie Claire,153,0,0.0,4.0971,0.0
Marks & Spencer,1107,1,8.6722,4.2866,0.0009
Martini,56,1,0.0,3.9598,0.0179
Masculino Latino,25,0,66.7177,4.0738,0.0
Masha,216,1,45.3352,4.1509,0.0046
Mast & Harbour,4322,23,27.5114,4.1352,0.0053
Mayra,468,23,0.1241,3.8534,0.0491
Meeranshi,61,0,52.3433,4.0246,0.0
Melange by Lifestyle,114,0,13.2142,4.1931,0.0
Metronaut,25,0,24.0123,4.064,0.0
Miaz Lifestyle,64,1,17.5915,3.9391,0.0156
Mine4Nine,47,0,2.15,3.8221,0.0
Minions by Kook N Keech,35,0,16.296,4.2068,0.0
Mint & Oak,65,0,9.5715,4.2977,0.0
Miss Chase,489,3,1.5449,4.0903,0.0061
Missguided,195,2,3.513,4.0113,0.0103
Mitera,1022,5,69.9684,4.0376,0.0049
Moda Rapido,1530,16,61.4411,4.0582,0.0105
Mode by Red Tape,110,0,0.591,4.1626,0.0
Molcha,35,1,43.5668,3.9635,0.0286
Molly & Michel,53,0,72.4186,4.1183,0.0
MomToBe,83,0,8.5326,4.1788,0.0
Monte Carlo,134,0,5.3006,4.2377,0.0
Mr Bowerbird,133,0,50.3576,4.1686,0.0
Ms.Lingies,60,0,27.2181,4.1214,0.0
Mufti,302,1,40.2155,4.0728,0.0033
Myshka,202,15,55.3086,3.8434,0.0743
Mystere Paris,74,0,35.7225,4.1859,0.0
N-Gal,361,1,36.7764,3.9835,0.0028
N2S NEXT2SKIN,39,0,4.9601,4.0901,0.0
NAMASKAR,74,0,55.0908,4.0217,0.0
NEU LOOK FASHION,76,1,48.3956,3.992,0.0132
NEUDIS,254,0,39.1724,4.0581,0.0
NEVA,55,0,9.2328,4.2064,0.0
NOT YET by us,32,0,22.6694,4.0737,0.0
NYAMBA By Decathlon,65,0,9.9678,4.1237,0.0
Naari,21,0,46.2227,4.1024,0.0
Nabaiji By Decathlon,21,1,3.0499,4.1525,0.0476
Nanda Silk Mills,20,0,48.9305,4.1228,0.0
Napra,92,1,59.1673,3.9654,0.0109
Nautica,339,0,37.7569,4.2883,0.0
Nayo,202,2,44.0439,4.0825,0.0099
Nejo,40,0,6.6131,4.1177,0.0
Netram,24,0,66.0093,4.0508,0.0
Nifty,41,0,0.0,4.1134,0.0
Nike,711,3,15.5994,4.219,0.0042
Nite Flite,62,0,18.2975,4.3066,0.0
Nun,29,0,0.0,4.0066,0.0
OFF LIMITS,131,1,34.6464,4.0707,0.0076
OLAIAN By Decathlon,21,1,3.0044,4.1195,0.0476
OM SAI LATEST CREATION,52,0,0.2995,3.9318,0.0
ONLY,784,2,0.0766,4.1751,0.0026
ONN,43,0,0.0,4.0313,0.0
Octave,25,0,7.044,4.0536,0.0
Ode by House of Pataudi,501,7,55.0139,4.0565,0.014
Off Label,65,9,0.0,3.6956,0.1385
Okane,205,0,16.9384,4.1324,0.0
One Femme,23,0,0.0,4.0481,0.0
One8,40,0,12.2793,4.1356,0.0
Orchid Blues,82,0,0.0,4.0132,0.0
Oxolloxo,469,2,5.2369,4.0039,0.0043
PANIT,100,0,31.8317,4.045,0.0
PARFAIT,67,0,21.7258,4.1066,0.0
PARIS HAMILTON,63,0,17.7787,4.0216,0.0
PAROKSH,20,0,45.2669,4.0502,0.0
PAUSE SPORT,96,7,68.9602,3.8143,0.0729
PERFKT-U,122,0,49.9498,4.0615,0.0
PETER ENGLAND UNIVERSITY,96,0,29.9678,4.0863,0.0
PHWOAR,26,1,28.1525,3.8658,0.0385
PRETTYBOLD,36,1,66.3675,3.827,0.0278
PROTEENS,34,0,7.5273,4.0647,0.0
PUMA Hoops,33,0,45.3242,4.2435,0.0
PUMA Motorsport,247,1,34.7852,4.2597,0.004
PURVAJA,99,0,37.2686,4.0654,0.0
PURYS,72,0,0.0,3.997,0.0
Pannkh,23,0,19.7463,3.899,0.0
Park Avenue,427,1,33.9993,4.1314,0.0023
Park Avenue Woman,77,1,0.0,4.0596,0.013
Parx,94,0,32.6218,4.1669,0.0
Pashmoda,24,0,37.1914,4.2926,0.0
Pavechas,36,0,41.7634,4.1547,0.0
People,840,1,15.7514,4.1199,0.0012
Pepe Jeans,1399,5,23.9989,4.1306,0.0036
Peter England,566,1,24.3539,4.1893,0.0018
Peter England Casuals,641,5,34.9704,4.0809,0.0078
Peter England Elite,74,0,36.635,4.1522,0.0
PinkLoom,21,0,45.2464,4.2068,0.0
Plagg,25,0,19.2522,4.0931,0.0
Plutus,21,0,65.2455,3.9075,0.0
Popnetic,109,1,12.8056,3.967,0.0092
Porsorte,20,0,0.0,3.9835,0.0
Poshak Hub,76,0,53.3553,4.2358,0.0
Prakhya,36,0,61.7697,4.0814,0.0
Prakrti,185,1,57.2251,4.0147,0.0054
Pretty Awesome,75,0,50.8157,4.0311,0.0
PrettyCat,406,4,43.747,3.9532,0.0099
PrettySecrets,26,5,0.0,3.7115,0.1923
Proline Active,175,0,35.5108,4.1385,0.0
Puma,2945,4,37.0025,4.2213,0.0014
Purple Feather,82,0,2.4524,4.085,0.0
Purple State,107,4,35.3989,3.9885,0.0374
QOMN,20,0,26.4789,4.2451,0.0
QUANCIOUS,103,0,0.0,4.0663,0.0
QUARANTINE,153,0,47.1637,4.1891,0.0
QUIERO,92,0,0.0,4.1128,0.0
Quechua By Decathlon,115,0,2.7503,4.2045,0.0
Qurvii,86,1,33.5342,3.9705,0.0116
Quttos,73,1,43.1874,3.9173,0.0137
RAISIN,21,0,8.8123,4.0544,0.0
RAJGRANTH,51,0,77.7641,4.061,0.0
RAJUBHAI HARGOVINDAS,66,0,38.7637,4.1322,0.0
RAMRAJ COTTON,42,0,0.0,4.1831,0.0
RANGMANCH BY PANTALOONS,305,0,13.473,4.1901,0.0
RANGMAYEE,66,0,50.2204,4.0142,0.0
RARE,297,0,0.1853,4.0826,0.0
RARE RABBIT,429,1,23.3093,4.1387,0.0023
RG DESIGNERS,25,0,48.2708,4.0431,0.0
RICHARD PARKER by Pantaloons,44,0,23.7711,4.0744,0.0
RIVI,32,0,3.439,4.0061,0.0
ROMEO ROSSI,70,0,31.8039,3.9981,0.0
Rain & Rainbow,26,0,24.8253,4.2193,0.0
Rajesh Silk Mills,24,0,54.6587,4.0725,0.0
Rajnandini,133,0,65.1897,4.0666,0.0
Rangriti,130,0,31.4113,4.1332,0.0
Raymond,290,0,39.7075,4.1363,0.0
Readiprint Fashions,116,0,50.9831,4.0925,0.0
Red Tape,185,0,63.6465,4.1811,0.0
RedRound,39,0,66.8317,3.9489,0.0
Reebok,635,4,32.3007,4.1588,0.0063
Reebok Classic,32,0,34.9811,4.1912,0.0
Revolution,257,0,30.8812,4.1898,0.0
Richlook,33,0,37.8927,4.0173,0.0
Rigo,181,5,35.2717,3.9735,0.0276
River Of Design Jeans,43,0,0.0,4.1342,0.0
Roadster,8899,24,21.5137,4.1429,0.0027
Rodamo,28,0,36.0947,4.0763,0.0
Rodzen,34,1,44.7587,3.9578,0.0294
Rosaline by Zivame,388,0,47.1158,4.1469,0.0
Rudra Bazaar,28,0,65.2355,4.1627,0.0
Rue Collection,31,0,4.6793,4.1576,0.0
Ruggers,117,0,28.6622,4.0004,0.0
Ruhaans,90,1,0.5892,4.0068,0.0111
Rustorange,37,0,29.1992,4.1166,0.0
Rute,158,1,2.1973,4.0058,0.0063
SALWAR STUDIO,146,2,53.3476,4.0828,0.0137
SANGAM PRINTS,20,0,67.1966,4.1172,0.0
SAPPER,126,0,30.5289,4.0691,0.0
SASSAFRAS,1539,3,1.0194,4.1454,0.0019
SATYAM WEAVES,30,0,74.5527,3.9552,0.0
SCORPIUS,606,12,0.5862,3.8489,0.0198
SCOUP,24,0,0.0,4.002,0.0
SECRETS BY ZEROKAATA,137,0,49.0125,4.0515,0.0
SELECTED,82,0,35.8649,4.0919,0.0
SF JEANS by Pantaloons,28,0,34.4901,4.0929,0.0
SG LEMAN,88,0,63.7168,4.064,0.0
SG RAJASAHAB,27,0,67.7852,3.953,0.0
SHAVYA,84,3,71.0064,3.9611,0.0357
SHAYE,44,1,0.0,3.9949,0.0227
SHOPGARB,56,0,69.3779,3.8973,0.0
SHOWOFF,22,0,40.9095,4.1255,0.0
SHUBHKALA,33,0,58.8297,4.1627,0.0
SINGLE,140,0,55.9303,4.0399,0.0
SIRIKIT,67,1,2.8208,3.9348,0.0149
SOJANYA,1055,1,60.6472,4.0461,0.0009
SOJANYA PLUS,57,0,60.0183,4.0837,0.0
SOLOGNAC By Decathlon,25,0,4.7655,4.2946,0.0
SOUNDARYA,136,0,22.7984,4.0802,0.0
SPYKAR,921,4,40.4538,4.0435,0.0043
STALK,30,0,0.0,3.9855,0.0
STREET 9,831,1,4.9958,4.1307,0.0012
SWAGG INDIA,62,0,64.4101,4.088,0.0
SWISS MILITARY,35,0,51.8617,4.1523,0.0
Saadgi,48,1,47.5832,3.9864,0.0208
Saanjh,31,0,44.9852,4.015,0.0
Saffron Threads,70,0,26.7718,4.2367,0.0
Sand Dune,78,0,27.306,4.0106,0.0
Sangria,2929,20,59.8926,4.0909,0.0068
Sanwara,112,0,40.288,4.0548,0.0
Saree mall,539,2,66.9268,4.0286,0.0037
Satrani,43,0,73.8965,4.0522,0.0
Secret Wish,145,0,47.2274,4.0304,0.0
See Designs,291,0,56.3559,4.0442,0.0
Selvia,52,0,19.0693,4.021,0.0
Sera,192,3,3.3339,3.955,0.0156
Sethukrishna,23,0,25.2786,4.0991,0.0
Shae by SASSAFRAS,407,2,24.8489,4.1632,0.0049
Shaftesbury London,35,1,64.5989,3.8855,0.0286
Shaily,148,1,59.2798,4.0486,0.0068
SheWill,45,0,61.1486,4.0016,0.0
Silk Bazar,37,3,71.8494,3.7905,0.0811
Slazenger,398,0,54.4944,4.1724,0.0
Slenor,52,0,0.0,4.1808,0.0
Slumber Jill,196,0,37.2045,4.1738,0.0
Smarty Pants,95,0,39.3506,4.0815,0.0
Smugglerz,42,0,30.2799,4.172,0.0
Snarky Gal,24,0,0.0,4.2106,0.0
Snitch,20,0,0.0,4.2326,0.0
Soch,67,0,9.4817,4.155,0.0
Softrose,103,2,12.671,4.0407,0.0194
Soie,221,0,10.9188,4.151,0.0
Solemio,36,0,54.8742,4.0063,0.0
Solly Jeans Co.,21,0,39.5381,4.0684,0.0
Sonari,105,0,0.0,4.0726,0.0
Souchii,78,0,11.8646,4.1877,0.0
Souminie,48,0,35.8357,3.9033,0.0
Spirit,33,0,54.1563,3.9619,0.0
Sports52 wear,75,0,63.9428,3.8995,0.0
Sringam,32,0,45.483,4.1067,0.0
Steenbok,34,0,45.7999,4.0357,0.0
Studio Shringaar,66,0,29.9799,4.155,0.0
Style Quotient,281,0,4.643,4.1208,0.0
StyleStone,166,0,3.9608,4.0911,0.0
Stylee LIFESTYLE,27,0,67.043,4.024,0.0
Stylum,56,0,59.2198,4.072,0.0
Sugathari,77,0,54.4926,4.09,0.0
Sugr,191,0,1.344,4.0492,0.0
Suta,194,1,10.1044,4.1594,0.0052
Sweet Dreams,825,0,23.6338,4.1598,0.0
Sztori,1580,5,57.005,4.2213,0.0032
Sztori Disney,22,0,0.0,4.3915,0.0
TABARD,33,0,48.4559,4.0091,0.0
TAG 7,359,0,48.1735,4.0695,0.0
TAG 7 PLUS,74,0,66.1182,4.1681,0.0
THE BEAR HOUSE,345,1,53.4059,4.1317,0.0029
THE MILLION CLUB,70,0,72.7336,3.8986,0.0
THE NKS PLUS,24,0,48.1442,4.0807,0.0
THE WEAVE TRAVELLER,22,0,43.9487,4.1793,0.0
THREAD MUSTER,52,0,0.0,4.0741,0.0
TOM BURG,77,0,30.9286,4.0732,0.0
TREEMODA,33,0,61.8019,4.089,0.0
TRUNDZ,54,0,47.9149,4.0964,0.0
TULIP 21,29,0,16.4586,4.079,0.0
TWIN BIRDS,405,0,0.0,4.2723,0.0
Taanz,23,0,0.0,4.0172,0.0
Taavi,454,0,37.8131,4.1715,0.0
Taurus,30,0,0.0,4.0767,0.0
Texco,86,0,3.4003,4.1084,0.0
The Dry State,165,0,7.6719,4.0983,0.0
The Indian Garage Co,577,4,63.2299,4.0365,0.0069
The Kaftan Company,115,0,11.5362,4.1162,0.0
The Mom Store,48,0,7.9574,4.0583,0.0
The Pink Moon,87,0,27.7702,4.1691,0.0
The Souled Store,185,0,23.6371,4.2593,0.0
The Vanca,120,4,1.8424,3.9894,0.0333
Thomas Scott,67,0,74.1497,4.1366,0.0
Tikhi Imli,143,0,54.6443,4.0383,0.0
Tinted,22,0,34.9218,3.9944,0.0
Tokyo Talkies,2302,25,4.4438,4.103,0.0109
Tommy Hilfiger,755,0,16.1294,4.1956,0.0
Trend Arrest,148,0,0.4736,4.1498,0.0
Trendyol,111,2,1.1718,3.9138,0.018
Trident,49,0,30.7256,4.357,0.0
Triumph,371,3,28.9492,4.2957,0.0081
Tulsattva,113,2,18.5848,3.9885,0.0177
Tweens,81,0,18.012,3.8533,0.0
U&F,272,1,1.8871,3.9862,0.0037
U.S. Polo Assn.,1257,1,22.1408,4.2503,0.0008
U.S. Polo Assn. Denim Co.,551,0,31.9499,4.1394,0.0
U.S. Polo Assn. Women,36,0,1.1117,4.061,0.0
UCLA,44,0,37.6876,4.1376,0.0
UNDER ARMOUR,72,0,0.0,4.2444,0.0
URBAN SCOTTISH,151,0,59.5422,4.2108,0.0
URBANIC,2460,29,4.1406,4.04,0.0118
UnderJeans by Spykar,175,1,14.6217,4.2027,0.0057
United Colors of Benetton,468,2,38.6094,4.2041,0.0043
Uptownie Lite,93,0,7.9075,4.0627,0.0
Urban Dog,155,14,73.9696,3.8203,0.0903
Urban Ranger by pantaloons,93,0,30.3562,4.1029,0.0
Urbano Fashion,159,0,47.9679,3.9419,0.0
Urbano Plus,63,0,48.778,4.0778,0.0
V Dot,51,0,32.6658,4.1471,0.0
V&M,41,0,1.6835,3.9088,0.0
V2 Value & Variety,25,0,4.2097,3.9465,0.0
VAABA,35,0,61.3262,3.9011,0.0
VAN HEUSEN DENIM LABS,78,0,23.4729,4.1461,0.0
VASTRAMAY,322,0,52.9656,4.0986,0.0
VASTRANAND,386,1,69.4807,4.0885,0.0026
VEIRDO,49,0,53.5276,4.2668,0.0
VIMAL,150,2,49.1737,3.9976,0.0133
VIMAL JONNEY,714,4,43.6078,3.9926,0.0056
VOXATI,39,0,9.3724,4.1569,0.0
Vami,47,0,0.0,4.1308,0.0
Van Heusen,578,0,12.429,4.2357,0.0
Van Heusen Sport,191,0,28.6543,4.1474,0.0
Van Heusen Woman,387,0,0.1293,4.1751,0.0
Varanga,629,10,58.7176,3.9678,0.0159
Varkala Silk Sarees,47,0,57.0454,4.0717,0.0
Vartah,37,0,47.9803,3.9418,0.0
Vastraa Fusion,49,0,52.574,4.0757,0.0
Vbuyz,146,0,65.2225,4.1145,0.0
Vemante,46,0,40.5662,4.078,0.0
Veni Vidi Vici,153,1,0.0,4.1118,0.0065
Vero Moda,1163,7,1.2732,4.1365,0.006
Vishudh,1139,6,52.2151,4.0827,0.0053
VividArtsy,53,0,2.7385,4.2065,0.0
Voi Jeans,55,0,51.0614,4.0214,0.0
W,603,0,21.7934,4.1381,0.0
WEAVERS VILLA,107,0,39.3326,4.2105,0.0
WESTCLO,26,0,41.056,4.0002,0.0
WILD WEST,38,0,56.7659,4.2093,0.0
WISHFUL,50,0,25.0091,4.1065,0.0
WISSTLER,60,0,0.0,4.106,0.0
WROGN,1690,3,46.1804,4.1434,0.0018
WROGN ACTIVE,259,1,36.3749,4.1749,0.0039
Wacoal,62,0,30.0224,4.2237,0.0
Wear Your Mind,33,0,50.5027,3.9973,0.0
Wildcraft,136,0,0.8829,4.1907,0.0
WineRed,36,0,19.1751,4.1196,0.0
Wintage,81,0,26.7121,4.0108,0.0
Women Touch,32,0,47.2051,3.951,0.0
Woodland,36,0,16.9473,4.203,0.0
WoowZerz,105,0,6.3062,4.1334,0.0
Wrangler,147,0,38.1459,4.0769,0.0
XIN,98,0,54.0162,4.1401,0.0
XYXX,486,0,13.3818,4.1863,0.0
Xpose,83,0,0.0,4.2237,0.0
YASH GALLERY,234,0,50.473,4.2201,0.0
YOLOCLAN,73,0,4.2596,4.1118,0.0
Yaadleen,59,0,1.2714,4.0281,0.0
Yufta,71,0,51.3176,4.1794,0.0
Yuris,217,0,56.8793,4.1322,0.0
Yuuki,111,0,54.3769,4.0239,0.0
ZHEIA,42,0,0.0,4.0058,0.0
ZIYAA,112,4,57.879,3.8636,0.0357
ZIZO By Namrata Bajaj,33,0,13.6418,4.0125,0.0
ZOLA,141,0,25.2186,4.16,0.0
Zastraa,104,0,0.0,4.0748,0.0
Zelocity by Zivame,106,0,44.5579,4.1181,0.0
Zeyo,193,0,56.3315,4.297,0.0
Zigo,53,0,9.4178,4.2031,0.0
Zink London,234,1,0.0,4.1331,0.0043
Zivame,1206,4,43.787,4.1845,0.0033
aamna,29,0,55.5566,4.1714,0.0
abof,237,0,49.1551,4.0509,0.0
all about you,954,1,18.8191,4.1003,0.001
anayna,217,0,54.2254,4.1605,0.0
appulse,168,0,39.5973,4.182,0.0
beebelle,67,0,60.6993,4.2784,0.0
beevee,31,0,32.2152,4.1818,0.0
bigbanana,319,1,58.6327,4.1669,0.0031
ether,885,3,31.2289,4.1195,0.0034
even,108,0,54.4628,3.9935,0.0
evolove,30,0,62.8699,4.1772,0.0
fabGLOBAL,64,0,48.5189,4.1609,0.0
flaher,21,0,60.2469,4.1143,0.0
hangup trend,42,1,66.6187,3.8786,0.0238
her by invictus,339,2,0.0,4.1421,0.0059
hummel,53,0,32.1838,4.1435,0.0
indus route by Pantaloons,213,0,25.873,4.209,0.0
inocenCia,34,0,0.9144,4.2329,0.0
kipek,94,0,57.9913,4.1555,0.0
max,1590,1,1.1524,4.1878,0.0006
mezmoda,46,0,59.0579,4.1657,0.0
mf,21,0,56.3185,4.1656,0.0
mod & shy,157,0,43.0619,4.0038,0.0
mokshi,63,0,54.4978,3.9815,0.0
one8 by Virat Kohli,121,0,17.2344,4.159,0.0
one8 x PUMA,161,0,41.9109,4.263,0.0
panchhi,59,0,29.9691,4.2329,0.0
plusS,1556,2,52.4114,4.1395,0.0013
rock.it,27,0,34.2862,4.1248,0.0
skyria,35,0,19.8134,4.1594,0.0
studio rasa,81,0,35.3177,3.981,0.0
t-base,136,0,32.0754,4.1853,0.0
toothless,50,0,15.3322,4.1606,0.0
zebu,130,0,42.9991,4.1458,0.0
